trace_name,duration
CustomerI108M3_flyer,"9 days, 7:55:22.292000"
CustomerI699M5_flyer,"9 days, 7:49:41.629000"
CustomerI1231M7_flyer,"9 days, 6:47:12.871000"
CustomerI333M4_flyer,"9 days, 6:41:19.824000"
CustomerI1277M7_flyer,"9 days, 6:37:47.160000"
CustomerI911M6_flyer,"9 days, 6:35:53.721000"
CustomerI1336M7_flyer,"9 days, 5:56:41.929000"
CustomerI963M6_flyer,"9 days, 5:33:05.601000"
CustomerI1326M7_flyer,"9 days, 4:55:01.223000"
CustomerI1601M8_flyer,"9 days, 4:27:43.883000"
CustomerI636M5_flyer,"9 days, 4:26:17.531000"
CustomerI1210M7_flyer,"9 days, 4:05:22.485000"
CustomerI922M6_flyer,"9 days, 3:56:14.627000"
CustomerI1644M8_flyer,"9 days, 3:14:54.316000"
CustomerI684M5_flyer,"9 days, 3:13:33.169000"
CustomerI1519M8_flyer,"9 days, 3:07:32.870000"
CustomerI422M4_flyer,"9 days, 3:05:47.301000"
CustomerI1514M8_flyer,"9 days, 3:03:14.488000"
CustomerI1269M7_flyer,"9 days, 2:58:25.536000"
CustomerI638M5_flyer,"9 days, 2:40:14.184000"
CustomerI612M5_flyer,"9 days, 2:35:57.886000"
CustomerI447M4_flyer,"8 days, 7:58:05.026000"
CustomerI368M4_flyer,"8 days, 7:57:18.571000"
CustomerI995M6_flyer,"8 days, 7:46:49.754000"
CustomerI1213M7_flyer,"8 days, 7:45:31.444000"
CustomerI981M6_flyer,"8 days, 7:39:54.918000"
CustomerI725M5_flyer,"8 days, 7:37:19.477000"
CustomerI343M4_flyer,"8 days, 7:36:03.255000"
CustomerI984M6_flyer,"8 days, 7:31:54.614000"
CustomerI360M4_flyer,"8 days, 7:28:56.900000"
CustomerI438M4_flyer,"8 days, 7:20:18.410000"
CustomerI946M6_flyer,"8 days, 7:19:34.867000"
CustomerI149M3_flyer,"8 days, 7:18:21.735000"
CustomerI1021M6_flyer,"8 days, 7:06:58.729000"
CustomerI643M5_flyer,"8 days, 7:04:56.999000"
CustomerI1234M7_flyer,"8 days, 7:02:57.694000"
CustomerI714M5_flyer,"8 days, 6:57:33.669000"
CustomerI90M3_flyer,"8 days, 6:55:45.946000"
CustomerI661M5_flyer,"8 days, 6:53:55.486000"
CustomerI1251M7_flyer,"8 days, 6:47:14.256000"
CustomerI344M4_flyer,"8 days, 6:44:54.074000"
CustomerI147M3_flyer,"8 days, 6:40:17.090000"
CustomerI302M4_flyer,"8 days, 6:36:55.180000"
CustomerI13M3_flyer,"8 days, 6:31:00.361000"
CustomerI1523M8_flyer,"8 days, 6:29:11.131000"
CustomerI8M3_flyer,"8 days, 6:21:47.166000"
CustomerI1289M7_flyer,"8 days, 6:16:55.511000"
CustomerI1590M8_flyer,"8 days, 6:15:48.631000"
CustomerI335M4_flyer,"8 days, 6:15:31.704000"
CustomerI348M4_flyer,"8 days, 6:10:20.634000"
CustomerI306M4_flyer,"8 days, 6:06:49.008000"
CustomerI1027M6_flyer,"8 days, 6:00:25.463000"
CustomerI632M5_flyer,"8 days, 5:58:41.935000"
CustomerI961M6_flyer,"8 days, 5:56:26.627000"
CustomerI347M4_flyer,"8 days, 5:48:28.182000"
CustomerI673M5_flyer,"8 days, 5:47:25.452000"
CustomerI321M4_flyer,"8 days, 5:43:58.441000"
CustomerI910M6_flyer,"8 days, 5:42:26.767000"
CustomerI1332M7_flyer,"8 days, 5:41:38.477000"
CustomerI9M3_flyer,"8 days, 5:40:30.468000"
CustomerI1292M7_flyer,"8 days, 5:39:52.413000"
CustomerI117M3_flyer,"8 days, 5:39:33.151000"
CustomerI93M3_flyer,"8 days, 5:38:08.361000"
CustomerI136M3_flyer,"8 days, 5:35:37.878000"
CustomerI1574M8_flyer,"8 days, 5:26:11.532000"
CustomerI116M3_flyer,"8 days, 5:25:17.926000"
CustomerI1211M7_flyer,"8 days, 5:22:18.162000"
CustomerI131M3_flyer,"8 days, 5:20:13.547000"
CustomerI417M4_flyer,"8 days, 5:19:16.337000"
CustomerI1528M8_flyer,"8 days, 5:16:29.049000"
CustomerI5M3_flyer,"8 days, 5:13:40.434000"
CustomerI1214M7_flyer,"8 days, 5:11:49.133000"
CustomerI1610M8_flyer,"8 days, 5:07:40.094000"
CustomerI77M3_flyer,"8 days, 5:07:20.037000"
CustomerI1286M7_flyer,"8 days, 4:57:55.532000"
CustomerI69M3_flyer,"8 days, 4:56:55.577000"
CustomerI689M5_flyer,"8 days, 4:56:34.306000"
CustomerI364M4_flyer,"8 days, 4:54:43.961000"
CustomerI1573M8_flyer,"8 days, 4:44:55.500000"
CustomerI1584M8_flyer,"8 days, 4:42:54.123000"
CustomerI604M5_flyer,"8 days, 4:35:33.727000"
CustomerI54M3_flyer,"8 days, 4:33:17.649000"
CustomerI711M5_flyer,"8 days, 4:22:15.644000"
CustomerI928M6_flyer,"8 days, 4:18:18.915000"
CustomerI79M3_flyer,"8 days, 4:05:38.973000"
CustomerI376M4_flyer,"8 days, 4:05:31.253000"
CustomerI723M5_flyer,"8 days, 4:03:43.175000"
CustomerI982M6_flyer,"8 days, 4:03:09.643000"
CustomerI1017M6_flyer,"8 days, 3:49:59.841000"
CustomerI305M4_flyer,"8 days, 3:49:25.574000"
CustomerI339M4_flyer,"8 days, 3:49:01.416000"
CustomerI1547M8_flyer,"8 days, 3:43:44.548000"
CustomerI57M3_flyer,"8 days, 3:41:39.536000"
CustomerI1270M7_flyer,"8 days, 3:38:52.739000"
CustomerI1552M8_flyer,"8 days, 3:34:54.933000"
CustomerI82M3_flyer,"8 days, 3:29:02.260000"
CustomerI902M6_flyer,"8 days, 3:23:46.396000"
CustomerI1263M7_flyer,"8 days, 3:17:47.013000"
CustomerI1646M8_flyer,"8 days, 3:17:37.953000"
CustomerI1288M7_flyer,"8 days, 3:09:47.344000"
CustomerI715M5_flyer,"8 days, 3:05:42.365000"
CustomerI1546M8_flyer,"8 days, 3:04:06.869000"
CustomerI960M6_flyer,"8 days, 2:59:40.745000"
CustomerI968M6_flyer,"8 days, 2:58:35.471000"
CustomerI669M5_flyer,"8 days, 2:42:47.809000"
CustomerI419M4_flyer,"8 days, 2:42:09.202000"
CustomerI304M4_flyer,"8 days, 2:32:42.280000"
CustomerI65M3_flyer,"8 days, 2:30:24.324000"
CustomerI83M3_flyer,"8 days, 2:26:47.043000"
CustomerI372M4_flyer,"8 days, 2:14:53.266000"
CustomerI944M6_flyer,"8 days, 2:14:47.333000"
CustomerI1022M6_flyer,"8 days, 2:14:32.076000"
CustomerI1006M6_flyer,"8 days, 2:05:56.120000"
CustomerI713M5_flyer,"8 days, 2:05:00.382000"
CustomerI668M5_flyer,"8 days, 2:01:00.825000"
CustomerI1600M8_flyer,"7 days, 7:53:56.008000"
CustomerI427M4_flyer,"7 days, 7:48:18.890000"
CustomerI390M4_flyer,"7 days, 7:44:21.905000"
CustomerI602M5_flyer,"7 days, 7:36:52.385000"
CustomerI85M3_flyer,"7 days, 7:35:23.883000"
CustomerI642M5_flyer,"7 days, 7:31:48.512000"
CustomerI716M5_flyer,"7 days, 7:24:30.004000"
CustomerI18M3_flyer,"7 days, 7:15:09.946000"
CustomerI127M3_flyer,"7 days, 7:14:23.519000"
CustomerI1591M8_flyer,"7 days, 7:13:38.231000"
CustomerI1594M8_flyer,"7 days, 7:12:36.559000"
CustomerI1040M6_flyer,"7 days, 7:12:10.972000"
CustomerI1553M8_flyer,"7 days, 7:09:49.389000"
CustomerI16M3_flyer,"7 days, 7:06:09.784000"
CustomerI665M5_flyer,"7 days, 7:01:50.050000"
CustomerI1303M7_flyer,"7 days, 7:01:14.210000"
CustomerI608M5_flyer,"7 days, 7:01:08.950000"
CustomerI919M6_flyer,"7 days, 6:51:04.994000"
CustomerI1516M8_flyer,"7 days, 6:48:12.226000"
CustomerI635M5_flyer,"7 days, 6:45:14.100000"
CustomerI1051M6_flyer,"7 days, 6:42:13.601000"
CustomerI1205M7_flyer,"7 days, 6:31:26.408000"
CustomerI1338M7_flyer,"7 days, 6:29:33.429000"
CustomerI1643M8_flyer,"7 days, 6:29:16.767000"
CustomerI28M3_flyer,"7 days, 6:24:55.219000"
CustomerI128M3_flyer,"7 days, 6:23:48.694000"
CustomerI1045M6_flyer,"7 days, 6:15:16.333000"
CustomerI1628M8_flyer,"7 days, 6:15:10.391000"
CustomerI110M3_flyer,"7 days, 6:05:53.421000"
CustomerI1011M6_flyer,"7 days, 6:04:12.075000"
CustomerI1240M7_flyer,"7 days, 6:03:04.637000"
CustomerI603M5_flyer,"7 days, 6:00:32.929000"
CustomerI704M5_flyer,"7 days, 5:57:38.959000"
CustomerI956M6_flyer,"7 days, 5:48:45.076000"
CustomerI1585M8_flyer,"7 days, 5:44:15.998000"
CustomerI150M3_flyer,"7 days, 5:37:12.201000"
CustomerI409M4_flyer,"7 days, 5:34:24.536000"
CustomerI1566M8_flyer,"7 days, 5:28:21.876000"
CustomerI1039M6_flyer,"7 days, 5:26:46.449000"
CustomerI667M5_flyer,"7 days, 5:26:07.937000"
CustomerI1567M8_flyer,"7 days, 5:21:19.471000"
CustomerI1019M6_flyer,"7 days, 5:15:55.261000"
CustomerI1563M8_flyer,"7 days, 5:15:47.613000"
CustomerI405M4_flyer,"7 days, 5:10:06.723000"
CustomerI327M4_flyer,"7 days, 5:08:40.241000"
CustomerI1517M8_flyer,"7 days, 5:08:18.795000"
CustomerI64M3_flyer,"7 days, 5:06:48.699000"
CustomerI909M6_flyer,"7 days, 5:03:01.218000"
CustomerI1237M7_flyer,"7 days, 5:02:36.873000"
CustomerI379M4_flyer,"7 days, 5:00:30.330000"
CustomerI1254M7_flyer,"7 days, 4:58:52.998000"
CustomerI1328M7_flyer,"7 days, 4:52:22.896000"
CustomerI100M3_flyer,"7 days, 4:46:57.516000"
CustomerI1013M6_flyer,"7 days, 4:45:39.064000"
CustomerI688M5_flyer,"7 days, 4:45:06.927000"
CustomerI3M3_flyer,"7 days, 4:44:53.534000"
CustomerI1031M6_flyer,"7 days, 4:44:10.435000"
CustomerI1343M7_flyer,"7 days, 4:39:29.645000"
CustomerI1650M8_flyer,"7 days, 4:34:34.813000"
CustomerI1565M8_flyer,"7 days, 4:33:46.598000"
CustomerI451M4_flyer,"7 days, 4:33:43.462000"
CustomerI1299M7_flyer,"7 days, 4:31:39.561000"
CustomerI947M6_flyer,"7 days, 4:26:40.841000"
CustomerI104M3_flyer,"7 days, 4:24:54.360000"
CustomerI1632M8_flyer,"7 days, 4:21:56.551000"
CustomerI1209M7_flyer,"7 days, 4:19:38.115000"
CustomerI644M5_flyer,"7 days, 4:19:17.930000"
CustomerI731M5_flyer,"7 days, 4:19:03.819000"
CustomerI1320M7_flyer,"7 days, 4:18:48.043000"
CustomerI366M4_flyer,"7 days, 4:16:59.537000"
CustomerI923M6_flyer,"7 days, 4:16:36.349000"
CustomerI732M5_flyer,"7 days, 4:11:14.466000"
CustomerI1034M6_flyer,"7 days, 4:10:32.402000"
CustomerI133M3_flyer,"7 days, 4:07:13.625000"
CustomerI727M5_flyer,"7 days, 4:02:45.153000"
CustomerI1346M7_flyer,"7 days, 4:01:44.890000"
CustomerI664M5_flyer,"7 days, 3:56:06.037000"
CustomerI1316M7_flyer,"7 days, 3:49:44.660000"
CustomerI630M5_flyer,"7 days, 3:48:52.970000"
CustomerI934M6_flyer,"7 days, 3:48:38.916000"
CustomerI399M4_flyer,"7 days, 3:43:13.303000"
CustomerI111M3_flyer,"7 days, 3:42:55.873000"
CustomerI308M4_flyer,"7 days, 3:37:49.915000"
CustomerI1621M8_flyer,"7 days, 3:36:42.500000"
CustomerI750M5_flyer,"7 days, 3:26:03.197000"
CustomerI1560M8_flyer,"7 days, 3:23:41.681000"
CustomerI1222M7_flyer,"7 days, 3:21:23.006000"
CustomerI39M3_flyer,"7 days, 3:19:00.460000"
CustomerI350M4_flyer,"7 days, 3:18:22.641000"
CustomerI1542M8_flyer,"7 days, 3:15:51.083000"
CustomerI1228M7_flyer,"7 days, 3:15:01.394000"
CustomerI1626M8_flyer,"7 days, 3:14:51.123000"
CustomerI14M3_flyer,"7 days, 3:14:50.310000"
CustomerI658M5_flyer,"7 days, 3:09:20.830000"
CustomerI1551M8_flyer,"7 days, 3:08:41.780000"
CustomerI908M6_flyer,"7 days, 3:07:19.372000"
CustomerI1249M7_flyer,"7 days, 3:06:47.614000"
CustomerI1348M7_flyer,"7 days, 3:06:44.622000"
CustomerI685M5_flyer,"7 days, 3:02:03.873000"
CustomerI616M5_flyer,"7 days, 3:01:07.654000"
CustomerI303M4_flyer,"7 days, 2:58:12.945000"
CustomerI972M6_flyer,"7 days, 2:56:15.835000"
CustomerI1273M7_flyer,"7 days, 2:54:57.965000"
CustomerI1223M7_flyer,"7 days, 2:54:45.151000"
CustomerI68M3_flyer,"7 days, 2:51:04.095000"
CustomerI996M6_flyer,"7 days, 2:51:03.960000"
CustomerI1323M7_flyer,"7 days, 2:49:25.496000"
CustomerI371M4_flyer,"7 days, 2:40:47.776000"
CustomerI666M5_flyer,"7 days, 2:40:38.647000"
CustomerI1525M8_flyer,"7 days, 2:36:49.592000"
CustomerI33M3_flyer,"7 days, 2:35:58.012000"
CustomerI941M6_flyer,"7 days, 2:35:46.856000"
CustomerI71M3_flyer,"7 days, 2:35:31.850000"
CustomerI1588M8_flyer,"7 days, 2:33:09.879000"
CustomerI25M3_flyer,"7 days, 2:29:14.988000"
CustomerI663M5_flyer,"7 days, 2:29:04.571000"
CustomerI10M3_flyer,"7 days, 2:27:16.324000"
CustomerI349M4_flyer,"7 days, 2:23:42.949000"
CustomerI75M3_flyer,"7 days, 2:22:20.694000"
CustomerI998M6_flyer,"7 days, 2:06:11.838000"
CustomerI965M6_flyer,"7 days, 2:04:40.058000"
CustomerI738M5_flyer,"7 days, 2:02:50.247000"
CustomerI938M6_flyer,"6 days, 7:59:15.245000"
CustomerI66M3_flyer,"6 days, 7:58:31.419000"
CustomerI1554M8_flyer,"6 days, 7:56:19.805000"
CustomerI1276M7_flyer,"6 days, 7:53:02.866000"
CustomerI1538M8_flyer,"6 days, 7:50:32.603000"
CustomerI120M3_flyer,"6 days, 7:49:32.012000"
CustomerI106M3_flyer,"6 days, 7:45:33.199000"
CustomerI342M4_flyer,"6 days, 7:43:27.957000"
CustomerI929M6_flyer,"6 days, 7:41:29.271000"
CustomerI966M6_flyer,"6 days, 7:36:57.419000"
CustomerI430M4_flyer,"6 days, 7:35:39.889000"
CustomerI107M3_flyer,"6 days, 7:31:05.204000"
CustomerI1334M7_flyer,"6 days, 7:24:57.238000"
CustomerI702M5_flyer,"6 days, 7:21:47.402000"
CustomerI1220M7_flyer,"6 days, 7:21:11.217000"
CustomerI718M5_flyer,"6 days, 7:12:58.773000"
CustomerI917M6_flyer,"6 days, 7:12:10.140000"
CustomerI1203M7_flyer,"6 days, 7:11:57.033000"
CustomerI50M3_flyer,"6 days, 7:11:19.573000"
CustomerI641M5_flyer,"6 days, 7:10:06.340000"
CustomerI1267M7_flyer,"6 days, 7:10:01.724000"
CustomerI1603M8_flyer,"6 days, 7:06:43.790000"
CustomerI324M4_flyer,"6 days, 7:05:41.182000"
CustomerI925M6_flyer,"6 days, 7:01:51.928000"
CustomerI404M4_flyer,"6 days, 6:59:02.123000"
CustomerI705M5_flyer,"6 days, 6:58:40.836000"
CustomerI35M3_flyer,"6 days, 6:56:36.434000"
CustomerI692M5_flyer,"6 days, 6:56:01.698000"
CustomerI440M4_flyer,"6 days, 6:55:34.872000"
CustomerI341M4_flyer,"6 days, 6:54:22.742000"
CustomerI1245M7_flyer,"6 days, 6:52:03.969000"
CustomerI1280M7_flyer,"6 days, 6:49:47.488000"
CustomerI1246M7_flyer,"6 days, 6:36:12.006000"
CustomerI24M3_flyer,"6 days, 6:34:01.127000"
CustomerI2M3_flyer,"6 days, 6:31:40.477000"
CustomerI311M4_flyer,"6 days, 6:28:37.741000"
CustomerI394M4_flyer,"6 days, 6:28:14.100000"
CustomerI377M4_flyer,"6 days, 6:27:41.362000"
CustomerI930M6_flyer,"6 days, 6:27:32.952000"
CustomerI1345M7_flyer,"6 days, 6:27:27.474000"
CustomerI1513M8_flyer,"6 days, 6:21:11.039000"
CustomerI955M6_flyer,"6 days, 6:17:56.088000"
CustomerI381M4_flyer,"6 days, 6:16:39.090000"
CustomerI29M3_flyer,"6 days, 6:11:22.163000"
CustomerI691M5_flyer,"6 days, 6:08:39.922000"
CustomerI1255M7_flyer,"6 days, 6:08:10.875000"
CustomerI1238M7_flyer,"6 days, 6:07:56.755000"
CustomerI1225M7_flyer,"6 days, 6:07:53.774000"
CustomerI670M5_flyer,"6 days, 6:07:30.460000"
CustomerI337M4_flyer,"6 days, 6:07:14.987000"
CustomerI1296M7_flyer,"6 days, 6:06:49.405000"
CustomerI1003M6_flyer,"6 days, 6:06:12.753000"
CustomerI611M5_flyer,"6 days, 6:05:39.345000"
CustomerI1304M7_flyer,"6 days, 5:57:13.949000"
CustomerI1036M6_flyer,"6 days, 5:53:33.696000"
CustomerI906M6_flyer,"6 days, 5:52:42.239000"
CustomerI907M6_flyer,"6 days, 5:52:19.712000"
CustomerI624M5_flyer,"6 days, 5:52:09.797000"
CustomerI619M5_flyer,"6 days, 5:51:04.311000"
CustomerI958M6_flyer,"6 days, 5:48:15.250000"
CustomerI940M6_flyer,"6 days, 5:46:58.227000"
CustomerI1647M8_flyer,"6 days, 5:42:54.867000"
CustomerI977M6_flyer,"6 days, 5:38:52.109000"
CustomerI1614M8_flyer,"6 days, 5:38:48.330000"
CustomerI1571M8_flyer,"6 days, 5:38:15.731000"
CustomerI1007M6_flyer,"6 days, 5:38:07.857000"
CustomerI932M6_flyer,"6 days, 5:36:39.397000"
CustomerI72M3_flyer,"6 days, 5:34:01.897000"
CustomerI365M4_flyer,"6 days, 5:33:37.525000"
CustomerI1337M7_flyer,"6 days, 5:32:13.645000"
CustomerI1002M6_flyer,"6 days, 5:30:09.076000"
CustomerI1527M8_flyer,"6 days, 5:26:18.580000"
CustomerI318M4_flyer,"6 days, 5:26:05.102000"
CustomerI916M6_flyer,"6 days, 5:25:02.375000"
CustomerI747M5_flyer,"6 days, 5:20:43.998000"
CustomerI126M3_flyer,"6 days, 5:17:15.373000"
CustomerI904M6_flyer,"6 days, 5:16:38.031000"
CustomerI1028M6_flyer,"6 days, 5:15:01.589000"
CustomerI1233M7_flyer,"6 days, 5:13:19.565000"
CustomerI927M6_flyer,"6 days, 5:13:11.175000"
CustomerI994M6_flyer,"6 days, 5:11:05.511000"
CustomerI412M4_flyer,"6 days, 5:09:20.386000"
CustomerI735M5_flyer,"6 days, 5:09:12.607000"
CustomerI1576M8_flyer,"6 days, 5:03:02.968000"
CustomerI737M5_flyer,"6 days, 5:00:32.851000"
CustomerI433M4_flyer,"6 days, 4:55:06.125000"
CustomerI1349M7_flyer,"6 days, 4:53:02.407000"
CustomerI309M4_flyer,"6 days, 4:50:51.128000"
CustomerI1540M8_flyer,"6 days, 4:49:00.473000"
CustomerI1044M6_flyer,"6 days, 4:45:54.572000"
CustomerI1247M7_flyer,"6 days, 4:43:06.012000"
CustomerI431M4_flyer,"6 days, 4:42:28.274000"
CustomerI706M5_flyer,"6 days, 4:40:38.802000"
CustomerI151M3_flyer,"6 days, 4:40:38.098000"
CustomerI1556M8_flyer,"6 days, 4:35:48.747000"
CustomerI631M5_flyer,"6 days, 4:35:08.217000"
CustomerI1634M8_flyer,"6 days, 4:34:13.850000"
CustomerI1508M8_flyer,"6 days, 4:29:46.307000"
CustomerI1024M6_flyer,"6 days, 4:27:38.277000"
CustomerI428M4_flyer,"6 days, 4:26:27.454000"
CustomerI1622M8_flyer,"6 days, 4:25:33.222000"
CustomerI118M3_flyer,"6 days, 4:20:36.701000"
CustomerI330M4_flyer,"6 days, 4:20:35.587000"
CustomerI739M5_flyer,"6 days, 4:18:12.792000"
CustomerI1215M7_flyer,"6 days, 4:18:07.564000"
CustomerI314M4_flyer,"6 days, 4:17:38.006000"
CustomerI945M6_flyer,"6 days, 4:16:45.920000"
CustomerI1649M8_flyer,"6 days, 4:15:56.145000"
CustomerI1001M6_flyer,"6 days, 4:14:38.510000"
CustomerI1004M6_flyer,"6 days, 4:12:05.825000"
CustomerI1625M8_flyer,"6 days, 4:08:58.707000"
CustomerI47M3_flyer,"6 days, 4:00:46.014000"
CustomerI1608M8_flyer,"6 days, 3:58:23.906000"
CustomerI1558M8_flyer,"6 days, 3:53:42.358000"
CustomerI45M3_flyer,"6 days, 3:48:48.693000"
CustomerI695M5_flyer,"6 days, 3:47:18.787000"
CustomerI1592M8_flyer,"6 days, 3:46:15.040000"
CustomerI1612M8_flyer,"6 days, 3:43:27.615000"
CustomerI1633M8_flyer,"6 days, 3:42:59.434000"
CustomerI1266M7_flyer,"6 days, 3:36:26"
CustomerI620M5_flyer,"6 days, 3:35:42.634000"
CustomerI973M6_flyer,"6 days, 3:32:55.578000"
CustomerI924M6_flyer,"6 days, 3:29:32.972000"
CustomerI1620M8_flyer,"6 days, 3:26:14.675000"
CustomerI681M5_flyer,"6 days, 3:25:16.455000"
CustomerI102M3_flyer,"6 days, 3:24:44.607000"
CustomerI1619M8_flyer,"6 days, 3:15:17.194000"
CustomerI629M5_flyer,"6 days, 3:14:58.580000"
CustomerI936M6_flyer,"6 days, 3:05:38.121000"
CustomerI1521M8_flyer,"6 days, 3:03:39.090000"
CustomerI1256M7_flyer,"6 days, 3:02:04.002000"
CustomerI1578M8_flyer,"6 days, 3:00:49.952000"
CustomerI96M3_flyer,"6 days, 2:58:42.820000"
CustomerI80M3_flyer,"6 days, 2:57:15.681000"
CustomerI1275M7_flyer,"6 days, 2:57:15.644000"
CustomerI1212M7_flyer,"6 days, 2:50:44.300000"
CustomerI406M4_flyer,"6 days, 2:50:42.227000"
CustomerI38M3_flyer,"6 days, 2:45:19.321000"
CustomerI1291M7_flyer,"6 days, 2:41:16.874000"
CustomerI55M3_flyer,"6 days, 2:39:21.522000"
CustomerI657M5_flyer,"6 days, 2:35:13.229000"
CustomerI73M3_flyer,"6 days, 2:32:02.598000"
CustomerI651M5_flyer,"6 days, 2:31:42.892000"
CustomerI385M4_flyer,"6 days, 2:22:44.003000"
CustomerI745M5_flyer,"6 days, 2:21:11.565000"
CustomerI1524M8_flyer,"6 days, 2:19:18.944000"
CustomerI645M5_flyer,"6 days, 2:15:27.570000"
CustomerI646M5_flyer,"6 days, 2:12:25.858000"
CustomerI374M4_flyer,"6 days, 2:11:26.076000"
CustomerI1518M8_flyer,"6 days, 2:10:36.676000"
CustomerI1043M6_flyer,"6 days, 2:08:12.091000"
CustomerI421M4_flyer,"6 days, 2:07:59.029000"
CustomerI1630M8_flyer,"6 days, 2:07:41.871000"
CustomerI94M3_flyer,"6 days, 2:06:18.330000"
CustomerI1511M8_flyer,"6 days, 2:02:10.187000"
CustomerI316M4_flyer,"5 days, 7:59:05.995000"
CustomerI905M6_flyer,"5 days, 7:56:57.029000"
CustomerI384M4_flyer,"5 days, 7:54:43.087000"
CustomerI400M4_flyer,"5 days, 7:47:03.627000"
CustomerI671M5_flyer,"5 days, 7:46:19.076000"
CustomerI637M5_flyer,"5 days, 7:45:00.100000"
CustomerI109M3_flyer,"5 days, 7:37:15.664000"
CustomerI1583M8_flyer,"5 days, 7:34:21.477000"
CustomerI401M4_flyer,"5 days, 7:33:42.329000"
CustomerI130M3_flyer,"5 days, 7:32:13.724000"
CustomerI1281M7_flyer,"5 days, 7:32:11.798000"
CustomerI1515M8_flyer,"5 days, 7:30:02.127000"
CustomerI696M5_flyer,"5 days, 7:28:38.043000"
CustomerI740M5_flyer,"5 days, 7:26:15.327000"
CustomerI388M4_flyer,"5 days, 7:23:53.043000"
CustomerI41M3_flyer,"5 days, 7:20:04.248000"
CustomerI656M5_flyer,"5 days, 7:16:36.107000"
CustomerI386M4_flyer,"5 days, 7:16:18.278000"
CustomerI1042M6_flyer,"5 days, 7:13:54.762000"
CustomerI22M3_flyer,"5 days, 7:13:09.584000"
CustomerI1216M7_flyer,"5 days, 7:10:11.796000"
CustomerI354M4_flyer,"5 days, 7:07:47.484000"
CustomerI329M4_flyer,"5 days, 7:07:46.529000"
CustomerI1642M8_flyer,"5 days, 7:00:58.434000"
CustomerI743M5_flyer,"5 days, 6:56:39.274000"
CustomerI942M6_flyer,"5 days, 6:56:26.822000"
CustomerI1586M8_flyer,"5 days, 6:56:00.984000"
CustomerI1604M8_flyer,"5 days, 6:55:11.851000"
CustomerI1287M7_flyer,"5 days, 6:51:23.216000"
CustomerI1050M6_flyer,"5 days, 6:46:13.463000"
CustomerI639M5_flyer,"5 days, 6:43:42.668000"
CustomerI145M3_flyer,"5 days, 6:42:44.181000"
CustomerI31M3_flyer,"5 days, 6:40:25.328000"
CustomerI1536M8_flyer,"5 days, 6:32:28.857000"
CustomerI1589M8_flyer,"5 days, 6:26:36.236000"
CustomerI95M3_flyer,"5 days, 6:23:46.199000"
CustomerI720M5_flyer,"5 days, 6:18:14.873000"
CustomerI1008M6_flyer,"5 days, 6:17:52.436000"
CustomerI653M5_flyer,"5 days, 6:13:57.059000"
CustomerI56M3_flyer,"5 days, 6:13:54.821000"
CustomerI114M3_flyer,"5 days, 6:12:56.313000"
CustomerI32M3_flyer,"5 days, 6:10:10.155000"
CustomerI34M3_flyer,"5 days, 6:05:18.452000"
CustomerI1297M7_flyer,"5 days, 6:02:08.836000"
CustomerI352M4_flyer,"5 days, 6:01:36.311000"
CustomerI1325M7_flyer,"5 days, 5:59:54.227000"
CustomerI974M6_flyer,"5 days, 5:57:26.105000"
CustomerI1226M7_flyer,"5 days, 5:56:42.170000"
CustomerI707M5_flyer,"5 days, 5:47:17.234000"
CustomerI1010M6_flyer,"5 days, 5:44:45.408000"
CustomerI86M3_flyer,"5 days, 5:40:37.210000"
CustomerI391M4_flyer,"5 days, 5:37:06.472000"
CustomerI1327M7_flyer,"5 days, 5:36:43.648000"
CustomerI332M4_flyer,"5 days, 5:35:01.324000"
CustomerI954M6_flyer,"5 days, 5:30:32.723000"
CustomerI1645M8_flyer,"5 days, 5:28:47.932000"
CustomerI119M3_flyer,"5 days, 5:28:36.337000"
CustomerI1577M8_flyer,"5 days, 5:23:55.716000"
CustomerI59M3_flyer,"5 days, 5:13:52.571000"
CustomerI1023M6_flyer,"5 days, 5:12:58.911000"
CustomerI1232M7_flyer,"5 days, 5:10:03.369000"
CustomerI633M5_flyer,"5 days, 5:09:14.895000"
CustomerI49M3_flyer,"5 days, 5:08:06.991000"
CustomerI672M5_flyer,"5 days, 5:00:32.669000"
CustomerI1322M7_flyer,"5 days, 4:59:50.355000"
CustomerI78M3_flyer,"5 days, 4:58:37.362000"
CustomerI1026M6_flyer,"5 days, 4:58:06.824000"
CustomerI987M6_flyer,"5 days, 4:55:29.488000"
CustomerI640M5_flyer,"5 days, 4:54:07.759000"
CustomerI1295M7_flyer,"5 days, 4:48:22.244000"
CustomerI51M3_flyer,"5 days, 4:42:59.739000"
CustomerI1539M8_flyer,"5 days, 4:42:02.331000"
CustomerI1258M7_flyer,"5 days, 4:40:28.866000"
CustomerI1342M7_flyer,"5 days, 4:34:58.247000"
CustomerI1046M6_flyer,"5 days, 4:30:22.453000"
CustomerI969M6_flyer,"5 days, 4:26:27.599000"
CustomerI952M6_flyer,"5 days, 4:24:09.125000"
CustomerI1640M8_flyer,"5 days, 4:20:17.509000"
CustomerI355M4_flyer,"5 days, 4:19:16.523000"
CustomerI1032M6_flyer,"5 days, 4:10:25.887000"
CustomerI380M4_flyer,"5 days, 4:10:21.834000"
CustomerI1030M6_flyer,"5 days, 4:08:29.785000"
CustomerI444M4_flyer,"5 days, 4:07:15.492000"
CustomerI1243M7_flyer,"5 days, 4:07:11.303000"
CustomerI61M3_flyer,"5 days, 4:06:40.291000"
CustomerI4M3_flyer,"5 days, 4:05:50.132000"
CustomerI1568M8_flyer,"5 days, 4:04:11.258000"
CustomerI43M3_flyer,"5 days, 4:01:01.157000"
CustomerI40M3_flyer,"5 days, 3:58:54.627000"
CustomerI606M5_flyer,"5 days, 3:58:53.151000"
CustomerI1535M8_flyer,"5 days, 3:58:50.465000"
CustomerI98M3_flyer,"5 days, 3:56:44.985000"
CustomerI123M3_flyer,"5 days, 3:54:45.141000"
CustomerI1259M7_flyer,"5 days, 3:54:27.419000"
CustomerI1502M8_flyer,"5 days, 3:54:18.596000"
CustomerI717M5_flyer,"5 days, 3:51:28.126000"
CustomerI36M3_flyer,"5 days, 3:50:59.912000"
CustomerI622M5_flyer,"5 days, 3:46:28.915000"
CustomerI937M6_flyer,"5 days, 3:44:36.935000"
CustomerI1331M7_flyer,"5 days, 3:40:52.909000"
CustomerI418M4_flyer,"5 days, 3:37:44.704000"
CustomerI1217M7_flyer,"5 days, 3:35:55.287000"
CustomerI42M3_flyer,"5 days, 3:34:41.911000"
CustomerI1605M8_flyer,"5 days, 3:33:16.624000"
CustomerI683M5_flyer,"5 days, 3:29:28.437000"
CustomerI648M5_flyer,"5 days, 3:28:20.439000"
CustomerI1616M8_flyer,"5 days, 3:24:14.132000"
CustomerI1018M6_flyer,"5 days, 3:24:02.608000"
CustomerI682M5_flyer,"5 days, 3:23:41.202000"
CustomerI980M6_flyer,"5 days, 3:23:14.282000"
CustomerI1520M8_flyer,"5 days, 3:20:57.472000"
CustomerI1318M7_flyer,"5 days, 3:19:02.978000"
CustomerI397M4_flyer,"5 days, 3:17:58.672000"
CustomerI709M5_flyer,"5 days, 3:17:54.142000"
CustomerI617M5_flyer,"5 days, 3:16:39.957000"
CustomerI1038M6_flyer,"5 days, 3:14:35.394000"
CustomerI993M6_flyer,"5 days, 3:10:20.184000"
CustomerI1509M8_flyer,"5 days, 3:09:27.541000"
CustomerI60M3_flyer,"5 days, 3:04:52.191000"
CustomerI703M5_flyer,"5 days, 3:04:27.706000"
CustomerI1333M7_flyer,"5 days, 3:04:03.765000"
CustomerI115M3_flyer,"5 days, 3:02:03.880000"
CustomerI420M4_flyer,"5 days, 3:01:06.518000"
CustomerI970M6_flyer,"5 days, 3:00:44.656000"
CustomerI650M5_flyer,"5 days, 2:56:41.998000"
CustomerI1562M8_flyer,"5 days, 2:56:41.391000"
CustomerI402M4_flyer,"5 days, 2:54:31.028000"
CustomerI19M3_flyer,"5 days, 2:50:38.723000"
CustomerI679M5_flyer,"5 days, 2:50:11.700000"
CustomerI1262M7_flyer,"5 days, 2:50:07.263000"
CustomerI1611M8_flyer,"5 days, 2:49:54.827000"
CustomerI63M3_flyer,"5 days, 2:45:15.987000"
CustomerI914M6_flyer,"5 days, 2:40:59.885000"
CustomerI129M3_flyer,"5 days, 2:34:17.550000"
CustomerI44M3_flyer,"5 days, 2:33:54.801000"
CustomerI1559M8_flyer,"5 days, 2:29:54.381000"
CustomerI1204M7_flyer,"5 days, 2:23:31.493000"
CustomerI674M5_flyer,"5 days, 2:23:11.734000"
CustomerI1025M6_flyer,"5 days, 2:21:17.200000"
CustomerI918M6_flyer,"5 days, 2:20:52.362000"
CustomerI933M6_flyer,"5 days, 2:20:08.696000"
CustomerI1569M8_flyer,"5 days, 2:18:46.852000"
CustomerI307M4_flyer,"5 days, 2:18:12.337000"
CustomerI1230M7_flyer,"5 days, 2:17:31.749000"
CustomerI913M6_flyer,"5 days, 2:09:39.315000"
CustomerI962M6_flyer,"5 days, 2:08:37.203000"
CustomerI429M4_flyer,"5 days, 2:08:17.851000"
CustomerI338M4_flyer,"4 days, 8:00:57.269000"
CustomerI363M4_flyer,"4 days, 7:59:53.728000"
CustomerI415M4_flyer,"4 days, 7:55:07.960000"
CustomerI697M5_flyer,"4 days, 7:51:50.413000"
CustomerI1041M6_flyer,"4 days, 7:50:01.740000"
CustomerI1235M7_flyer,"4 days, 7:49:58.154000"
CustomerI948M6_flyer,"4 days, 7:47:12.328000"
CustomerI1544M8_flyer,"4 days, 7:37:16.123000"
CustomerI693M5_flyer,"4 days, 7:36:29.021000"
CustomerI442M4_flyer,"4 days, 7:36:17.638000"
CustomerI687M5_flyer,"4 days, 7:35:51.967000"
CustomerI1530M8_flyer,"4 days, 7:28:04.035000"
CustomerI103M3_flyer,"4 days, 7:19:26.008000"
CustomerI1503M8_flyer,"4 days, 7:18:43.218000"
CustomerI1250M7_flyer,"4 days, 7:18:32.172000"
CustomerI1309M7_flyer,"4 days, 7:15:09.142000"
CustomerI971M6_flyer,"4 days, 7:11:16.970000"
CustomerI20M3_flyer,"4 days, 7:01:08.662000"
CustomerI135M3_flyer,"4 days, 6:56:48.043000"
CustomerI67M3_flyer,"4 days, 6:56:27.960000"
CustomerI424M4_flyer,"4 days, 6:52:22.913000"
CustomerI1537M8_flyer,"4 days, 6:47:10.789000"
CustomerI710M5_flyer,"4 days, 6:46:15.305000"
CustomerI1272M7_flyer,"4 days, 6:45:42.833000"
CustomerI37M3_flyer,"4 days, 6:41:33.611000"
CustomerI1207M7_flyer,"4 days, 6:34:12.897000"
CustomerI336M4_flyer,"4 days, 6:33:48.840000"
CustomerI742M5_flyer,"4 days, 6:30:35.203000"
CustomerI1557M8_flyer,"4 days, 6:27:25.231000"
CustomerI76M3_flyer,"4 days, 6:24:54.881000"
CustomerI370M4_flyer,"4 days, 6:23:55.378000"
CustomerI1636M8_flyer,"4 days, 6:16:29.950000"
CustomerI1555M8_flyer,"4 days, 6:15:30.851000"
CustomerI1572M8_flyer,"4 days, 6:11:45.465000"
CustomerI1307M7_flyer,"4 days, 5:58:44.263000"
CustomerI17M3_flyer,"4 days, 5:42:00.649000"
CustomerI700M5_flyer,"4 days, 5:39:17.986000"
CustomerI411M4_flyer,"4 days, 5:38:55.649000"
CustomerI392M4_flyer,"4 days, 5:37:04.389000"
CustomerI1617M8_flyer,"4 days, 5:35:01.566000"
CustomerI319M4_flyer,"4 days, 5:34:36.785000"
CustomerI351M4_flyer,"4 days, 5:34:00.010000"
CustomerI1575M8_flyer,"4 days, 5:30:14.420000"
CustomerI134M3_flyer,"4 days, 5:29:29.019000"
CustomerI1293M7_flyer,"4 days, 5:25:51.282000"
CustomerI1227M7_flyer,"4 days, 5:24:26.929000"
CustomerI964M6_flyer,"4 days, 5:24:15.428000"
CustomerI122M3_flyer,"4 days, 5:18:17.273000"
CustomerI328M4_flyer,"4 days, 5:17:47.250000"
CustomerI398M4_flyer,"4 days, 5:17:40.286000"
CustomerI362M4_flyer,"4 days, 5:15:33.530000"
CustomerI334M4_flyer,"4 days, 5:13:15.930000"
CustomerI912M6_flyer,"4 days, 5:11:21.307000"
CustomerI1533M8_flyer,"4 days, 5:10:47.062000"
CustomerI719M5_flyer,"4 days, 5:10:29.456000"
CustomerI1522M8_flyer,"4 days, 5:03:35.168000"
CustomerI141M3_flyer,"4 days, 5:02:33.247000"
CustomerI46M3_flyer,"4 days, 4:59:09.602000"
CustomerI1532M8_flyer,"4 days, 4:58:59.347000"
CustomerI423M4_flyer,"4 days, 4:56:11.021000"
CustomerI434M4_flyer,"4 days, 4:56:09.115000"
CustomerI1265M7_flyer,"4 days, 4:55:36.402000"
CustomerI410M4_flyer,"4 days, 4:50:25.175000"
CustomerI48M3_flyer,"4 days, 4:49:38.482000"
CustomerI605M5_flyer,"4 days, 4:46:30.521000"
CustomerI724M5_flyer,"4 days, 4:40:12.757000"
CustomerI1580M8_flyer,"4 days, 4:38:02.920000"
CustomerI1330M7_flyer,"4 days, 4:32:16.983000"
CustomerI357M4_flyer,"4 days, 4:29:37.927000"
CustomerI88M3_flyer,"4 days, 4:29:06.015000"
CustomerI959M6_flyer,"4 days, 4:27:59.194000"
CustomerI448M4_flyer,"4 days, 4:27:11.003000"
CustomerI626M5_flyer,"4 days, 4:17:04.110000"
CustomerI1253M7_flyer,"4 days, 4:16:37.300000"
CustomerI949M6_flyer,"4 days, 4:14:39.233000"
CustomerI1315M7_flyer,"4 days, 4:11:52.881000"
CustomerI62M3_flyer,"4 days, 4:02:35.272000"
CustomerI425M4_flyer,"4 days, 4:00:43.134000"
CustomerI677M5_flyer,"4 days, 3:57:57.511000"
CustomerI1242M7_flyer,"4 days, 3:55:22.684000"
CustomerI30M3_flyer,"4 days, 3:41:20.976000"
CustomerI1302M7_flyer,"4 days, 3:40:52.738000"
CustomerI678M5_flyer,"4 days, 3:39:00.798000"
CustomerI1596M8_flyer,"4 days, 3:28:31.166000"
CustomerI359M4_flyer,"4 days, 3:26:21.007000"
CustomerI1506M8_flyer,"4 days, 3:23:36.051000"
CustomerI393M4_flyer,"4 days, 3:19:23.237000"
CustomerI1637M8_flyer,"4 days, 3:06:58.050000"
CustomerI988M6_flyer,"4 days, 3:00:09.315000"
CustomerI741M5_flyer,"4 days, 2:59:33.438000"
CustomerI146M3_flyer,"4 days, 2:56:51"
CustomerI138M3_flyer,"4 days, 2:53:40.012000"
CustomerI74M3_flyer,"4 days, 2:53:08.934000"
CustomerI950M6_flyer,"4 days, 2:48:11.129000"
CustomerI610M5_flyer,"4 days, 2:45:50.623000"
CustomerI449M4_flyer,"4 days, 2:45:45.063000"
CustomerI1541M8_flyer,"4 days, 2:44:24.275000"
CustomerI1648M8_flyer,"4 days, 2:41:50.240000"
CustomerI1310M7_flyer,"4 days, 2:39:27.922000"
CustomerI12M3_flyer,"4 days, 2:34:01.165000"
CustomerI1029M6_flyer,"4 days, 2:33:27.920000"
CustomerI1285M7_flyer,"4 days, 2:31:44.926000"
CustomerI989M6_flyer,"4 days, 2:31:28.601000"
CustomerI655M5_flyer,"4 days, 2:29:40.888000"
CustomerI403M4_flyer,"4 days, 2:28:47.578000"
CustomerI1236M7_flyer,"4 days, 2:24:57.928000"
CustomerI686M5_flyer,"4 days, 2:10:24.134000"
CustomerI983M6_flyer,"4 days, 2:03:53.980000"
CustomerI1260M7_flyer,"4 days, 2:02:32.451000"
CustomerI1606M8_flyer,"4 days, 2:01:19.826000"
CustomerI652M5_flyer,"3 days, 7:58:25.170000"
CustomerI698M5_flyer,"3 days, 7:58:20.366000"
CustomerI1510M8_flyer,"3 days, 7:56:33.787000"
CustomerI921M6_flyer,"3 days, 7:54:48.008000"
CustomerI728M5_flyer,"3 days, 7:53:41.114000"
CustomerI1340M7_flyer,"3 days, 7:52:31.502000"
CustomerI1526M8_flyer,"3 days, 7:52:04.491000"
CustomerI378M4_flyer,"3 days, 7:49:27.078000"
CustomerI1000M6_flyer,"3 days, 7:49:00.129000"
CustomerI1012M6_flyer,"3 days, 7:46:29.761000"
CustomerI382M4_flyer,"3 days, 7:45:07.792000"
CustomerI721M5_flyer,"3 days, 7:38:39.438000"
CustomerI722M5_flyer,"3 days, 7:36:58.215000"
CustomerI1274M7_flyer,"3 days, 7:36:06.414000"
CustomerI317M4_flyer,"3 days, 7:35:39.109000"
CustomerI446M4_flyer,"3 days, 7:34:40.945000"
CustomerI416M4_flyer,"3 days, 7:34:27.919000"
CustomerI991M6_flyer,"3 days, 7:32:54.693000"
CustomerI660M5_flyer,"3 days, 7:32:52.032000"
CustomerI1635M8_flyer,"3 days, 7:32:04.701000"
CustomerI1512M8_flyer,"3 days, 7:30:38.720000"
CustomerI322M4_flyer,"3 days, 7:29:35.812000"
CustomerI1257M7_flyer,"3 days, 7:29:25.818000"
CustomerI52M3_flyer,"3 days, 7:17:20.931000"
CustomerI1229M7_flyer,"3 days, 7:16:12.157000"
CustomerI11M3_flyer,"3 days, 7:13:27.016000"
CustomerI1351M7_flyer,"3 days, 7:12:49.614000"
CustomerI976M6_flyer,"3 days, 7:10:56.040000"
CustomerI331M4_flyer,"3 days, 7:10:14.949000"
CustomerI346M4_flyer,"3 days, 7:09:38.383000"
CustomerI1341M7_flyer,"3 days, 7:07:41.470000"
CustomerI1641M8_flyer,"3 days, 7:06:49.880000"
CustomerI1298M7_flyer,"3 days, 7:06:19.800000"
CustomerI708M5_flyer,"3 days, 7:05:18.982000"
CustomerI621M5_flyer,"3 days, 7:04:33.002000"
CustomerI1329M7_flyer,"3 days, 7:03:08.786000"
CustomerI1283M7_flyer,"3 days, 6:57:32.626000"
CustomerI1279M7_flyer,"3 days, 6:56:43.028000"
CustomerI690M5_flyer,"3 days, 6:52:19.614000"
CustomerI1268M7_flyer,"3 days, 6:50:29.158000"
CustomerI387M4_flyer,"3 days, 6:50:26.542000"
CustomerI1570M8_flyer,"3 days, 6:48:30.451000"
CustomerI1609M8_flyer,"3 days, 6:44:36.727000"
CustomerI1252M7_flyer,"3 days, 6:43:42.111000"
CustomerI730M5_flyer,"3 days, 6:43:30.959000"
CustomerI7M3_flyer,"3 days, 6:42:27.602000"
CustomerI1037M6_flyer,"3 days, 6:41:52.593000"
CustomerI1208M7_flyer,"3 days, 6:37:37.974000"
CustomerI92M3_flyer,"3 days, 6:35:57.994000"
CustomerI1507M8_flyer,"3 days, 6:35:23.241000"
CustomerI744M5_flyer,"3 days, 6:32:22.793000"
CustomerI1545M8_flyer,"3 days, 6:27:00.908000"
CustomerI986M6_flyer,"3 days, 6:22:58.129000"
CustomerI1206M7_flyer,"3 days, 6:22:33.951000"
CustomerI1284M7_flyer,"3 days, 6:22:10.499000"
CustomerI325M4_flyer,"3 days, 6:21:41.310000"
CustomerI407M4_flyer,"3 days, 6:21:04.351000"
CustomerI726M5_flyer,"3 days, 6:20:00.473000"
CustomerI432M4_flyer,"3 days, 6:18:55.431000"
CustomerI1599M8_flyer,"3 days, 6:18:17"
CustomerI1294M7_flyer,"3 days, 6:18:14.948000"
CustomerI1504M8_flyer,"3 days, 6:16:29.884000"
CustomerI1579M8_flyer,"3 days, 6:15:36.371000"
CustomerI1598M8_flyer,"3 days, 6:14:59.495000"
CustomerI312M4_flyer,"3 days, 6:10:59.481000"
CustomerI139M3_flyer,"3 days, 6:10:48.712000"
CustomerI1324M7_flyer,"3 days, 6:10:37.583000"
CustomerI313M4_flyer,"3 days, 6:05:07.096000"
CustomerI1629M8_flyer,"3 days, 6:04:46.622000"
CustomerI1278M7_flyer,"3 days, 6:02:28.300000"
CustomerI615M5_flyer,"3 days, 6:01:24.577000"
CustomerI623M5_flyer,"3 days, 5:59:52.850000"
CustomerI1312M7_flyer,"3 days, 5:59:38.567000"
CustomerI1548M8_flyer,"3 days, 5:54:37.528000"
CustomerI736M5_flyer,"3 days, 5:54:21.647000"
CustomerI1651M8_flyer,"3 days, 5:53:59.261000"
CustomerI694M5_flyer,"3 days, 5:53:05.273000"
CustomerI939M6_flyer,"3 days, 5:49:25.099000"
CustomerI1638M8_flyer,"3 days, 5:45:39.195000"
CustomerI408M4_flyer,"3 days, 5:45:29.947000"
CustomerI358M4_flyer,"3 days, 5:44:30.718000"
CustomerI978M6_flyer,"3 days, 5:34:43.744000"
CustomerI101M3_flyer,"3 days, 5:34:25.713000"
CustomerI1009M6_flyer,"3 days, 5:33:39.521000"
CustomerI1595M8_flyer,"3 days, 5:30:28.247000"
CustomerI609M5_flyer,"3 days, 5:29:06.549000"
CustomerI625M5_flyer,"3 days, 5:28:54.794000"
CustomerI1308M7_flyer,"3 days, 5:27:31.956000"
CustomerI439M4_flyer,"3 days, 5:27:02.342000"
CustomerI1607M8_flyer,"3 days, 5:26:28.309000"
CustomerI1339M7_flyer,"3 days, 5:25:26.220000"
CustomerI1014M6_flyer,"3 days, 5:24:51.714000"
CustomerI1048M6_flyer,"3 days, 5:24:48.683000"
CustomerI1624M8_flyer,"3 days, 5:24:40.095000"
CustomerI1224M7_flyer,"3 days, 5:23:09.120000"
CustomerI140M3_flyer,"3 days, 5:21:29.338000"
CustomerI1505M8_flyer,"3 days, 5:20:37.660000"
CustomerI1313M7_flyer,"3 days, 5:20:10.988000"
CustomerI369M4_flyer,"3 days, 5:18:27.769000"
CustomerI323M4_flyer,"3 days, 5:16:24.300000"
CustomerI967M6_flyer,"3 days, 5:12:34.976000"
CustomerI654M5_flyer,"3 days, 5:09:53.818000"
CustomerI975M6_flyer,"3 days, 5:09:36.645000"
CustomerI326M4_flyer,"3 days, 5:09:00.207000"
CustomerI1627M8_flyer,"3 days, 5:06:07.396000"
CustomerI1015M6_flyer,"3 days, 5:05:40.288000"
CustomerI124M3_flyer,"3 days, 5:05:15.875000"
CustomerI680M5_flyer,"3 days, 5:04:55.547000"
CustomerI443M4_flyer,"3 days, 5:04:36.527000"
CustomerI618M5_flyer,"3 days, 5:04:19.982000"
CustomerI315M4_flyer,"3 days, 5:02:57.603000"
CustomerI1613M8_flyer,"3 days, 4:58:49.961000"
CustomerI383M4_flyer,"3 days, 4:50:26.226000"
CustomerI396M4_flyer,"3 days, 4:50:03.622000"
CustomerI1005M6_flyer,"3 days, 4:46:33.319000"
CustomerI1016M6_flyer,"3 days, 4:44:07.189000"
CustomerI437M4_flyer,"3 days, 4:42:59.289000"
CustomerI915M6_flyer,"3 days, 4:40:10.439000"
CustomerI1639M8_flyer,"3 days, 4:39:10.826000"
CustomerI990M6_flyer,"3 days, 4:37:34.166000"
CustomerI1321M7_flyer,"3 days, 4:37:20.121000"
CustomerI729M5_flyer,"3 days, 4:36:56.081000"
CustomerI647M5_flyer,"3 days, 4:28:54.520000"
CustomerI1300M7_flyer,"3 days, 4:27:21.418000"
CustomerI414M4_flyer,"3 days, 4:26:57.135000"
CustomerI113M3_flyer,"3 days, 4:26:20.951000"
CustomerI435M4_flyer,"3 days, 4:25:49.865000"
CustomerI1618M8_flyer,"3 days, 4:25:44.246000"
CustomerI634M5_flyer,"3 days, 4:25:00.014000"
CustomerI1241M7_flyer,"3 days, 4:21:35.623000"
CustomerI143M3_flyer,"3 days, 4:21:31.499000"
CustomerI310M4_flyer,"3 days, 4:20:40.574000"
CustomerI926M6_flyer,"3 days, 4:20:27.242000"
CustomerI1314M7_flyer,"3 days, 4:20:08.791000"
CustomerI144M3_flyer,"3 days, 4:19:29.447000"
CustomerI353M4_flyer,"3 days, 4:18:50.040000"
CustomerI340M4_flyer,"3 days, 4:17:41.752000"
CustomerI320M4_flyer,"3 days, 4:11:57.123000"
CustomerI1550M8_flyer,"3 days, 4:08:52.741000"
CustomerI1248M7_flyer,"3 days, 4:07:01.915000"
CustomerI979M6_flyer,"3 days, 4:06:35.909000"
CustomerI1602M8_flyer,"3 days, 4:05:23.264000"
CustomerI445M4_flyer,"3 days, 4:03:58.082000"
CustomerI1534M8_flyer,"3 days, 4:00:20.036000"
CustomerI1561M8_flyer,"3 days, 3:58:24.485000"
CustomerI1305M7_flyer,"3 days, 3:57:53.688000"
CustomerI659M5_flyer,"3 days, 3:57:53.046000"
CustomerI137M3_flyer,"3 days, 3:57:13.256000"
CustomerI1244M7_flyer,"3 days, 3:55:11.284000"
CustomerI97M3_flyer,"3 days, 3:50:57.166000"
CustomerI361M4_flyer,"3 days, 3:45:59.705000"
CustomerI943M6_flyer,"3 days, 3:45:29.317000"
CustomerI6M3_flyer,"3 days, 3:44:01.605000"
CustomerI733M5_flyer,"3 days, 3:42:54.023000"
CustomerI1020M6_flyer,"3 days, 3:41:46.413000"
CustomerI957M6_flyer,"3 days, 3:38:14.936000"
CustomerI21M3_flyer,"3 days, 3:37:48.523000"
CustomerI345M4_flyer,"3 days, 3:37:00.255000"
CustomerI1035M6_flyer,"3 days, 3:36:26.837000"
CustomerI1047M6_flyer,"3 days, 3:35:04.628000"
CustomerI1593M8_flyer,"3 days, 3:32:41.606000"
CustomerI70M3_flyer,"3 days, 3:32:34.385000"
CustomerI1282M7_flyer,"3 days, 3:28:09.762000"
CustomerI953M6_flyer,"3 days, 3:28:06.086000"
CustomerI1219M7_flyer,"3 days, 3:25:37.024000"
CustomerI997M6_flyer,"3 days, 3:23:34.556000"
CustomerI87M3_flyer,"3 days, 3:23:07.356000"
CustomerI1581M8_flyer,"3 days, 3:19:04.907000"
CustomerI81M3_flyer,"3 days, 3:18:05.389000"
CustomerI701M5_flyer,"3 days, 3:16:11.027000"
CustomerI1239M7_flyer,"3 days, 3:16:09.145000"
CustomerI1350M7_flyer,"3 days, 3:12:38.896000"
CustomerI992M6_flyer,"3 days, 3:08:02.970000"
CustomerI649M5_flyer,"3 days, 3:07:59.390000"
CustomerI1631M8_flyer,"3 days, 3:05:59.317000"
CustomerI1543M8_flyer,"3 days, 3:04:36.736000"
CustomerI613M5_flyer,"3 days, 3:00:45.350000"
CustomerI389M4_flyer,"3 days, 2:49:43.814000"
CustomerI931M6_flyer,"3 days, 2:49:36.154000"
CustomerI903M6_flyer,"3 days, 2:47:56.320000"
CustomerI985M6_flyer,"3 days, 2:45:32.658000"
CustomerI1335M7_flyer,"3 days, 2:44:39.059000"
CustomerI89M3_flyer,"3 days, 2:43:41.786000"
CustomerI112M3_flyer,"3 days, 2:42:16.334000"
CustomerI142M3_flyer,"3 days, 2:38:30.641000"
CustomerI1221M7_flyer,"3 days, 2:38:17.705000"
CustomerI53M3_flyer,"3 days, 2:35:05.564000"
CustomerI375M4_flyer,"3 days, 2:34:53.873000"
CustomerI373M4_flyer,"3 days, 2:34:12.505000"
CustomerI734M5_flyer,"3 days, 2:32:00.444000"
CustomerI121M3_flyer,"3 days, 2:27:49.063000"
CustomerI58M3_flyer,"3 days, 2:21:07.489000"
CustomerI367M4_flyer,"3 days, 2:20:21.415000"
CustomerI746M5_flyer,"3 days, 2:19:58.451000"
CustomerI748M5_flyer,"3 days, 2:14:53.298000"
CustomerI607M5_flyer,"3 days, 2:13:04.571000"
CustomerI675M5_flyer,"3 days, 2:11:17.360000"
CustomerI749M5_flyer,"3 days, 2:09:00.918000"
CustomerI26M3_flyer,"3 days, 2:08:30.264000"
CustomerI1306M7_flyer,"3 days, 2:06:11.459000"
CustomerI84M3_flyer,"3 days, 2:03:58.591000"
CustomerI676M5_flyer,"2 days, 7:59:20.196000"
CustomerI15M3_flyer,"2 days, 7:56:44.610000"
CustomerI935M6_flyer,"2 days, 7:46:37.448000"
CustomerI27M3_flyer,"2 days, 7:44:48.143000"
CustomerI1587M8_flyer,"2 days, 7:44:43.868000"
CustomerI1311M7_flyer,"2 days, 7:44:08.103000"
CustomerI1033M6_flyer,"2 days, 7:40:21.997000"
CustomerI751M5_flyer,"2 days, 7:40:07.852000"
CustomerI125M3_flyer,"2 days, 7:36:59.082000"
CustomerI712M5_flyer,"2 days, 7:34:14.941000"
CustomerI356M4_flyer,"2 days, 7:17:44.699000"
CustomerI99M3_flyer,"2 days, 7:11:39.152000"
CustomerI614M5_flyer,"2 days, 7:01:02.301000"
CustomerI1264M7_flyer,"2 days, 7:00:27.113000"
CustomerI23M3_flyer,"2 days, 6:49:05.692000"
CustomerI951M6_flyer,"2 days, 6:29:27.661000"
CustomerI436M4_flyer,"2 days, 6:19:58.249000"
CustomerI450M4_flyer,"2 days, 6:18:11.408000"
CustomerI1531M8_flyer,"2 days, 6:16:43.645000"
CustomerI148M3_flyer,"2 days, 6:14:01.485000"
CustomerI1347M7_flyer,"2 days, 6:13:31.490000"
CustomerI1218M7_flyer,"2 days, 6:07:53.653000"
CustomerI627M5_flyer,"2 days, 6:07:08.654000"
CustomerI1290M7_flyer,"2 days, 5:59:29.705000"
CustomerI1549M8_flyer,"2 days, 5:27:19.344000"
CustomerI91M3_flyer,"2 days, 5:27:06.300000"
CustomerI1049M6_flyer,"2 days, 5:13:55.349000"
CustomerI1615M8_flyer,"2 days, 5:13:02.447000"
CustomerI1582M8_flyer,"2 days, 5:09:44.286000"
CustomerI1344M7_flyer,"2 days, 5:05:24.650000"
CustomerI920M6_flyer,"2 days, 5:02:44.141000"
CustomerI999M6_flyer,"2 days, 4:51:24.750000"
CustomerI1271M7_flyer,"2 days, 4:44:24.838000"
CustomerI1597M8_flyer,"2 days, 4:36:44.251000"
CustomerI413M4_flyer,"2 days, 4:22:14.257000"
CustomerI426M4_flyer,"2 days, 4:17:46.679000"
CustomerI1564M8_flyer,"2 days, 3:39:52.138000"
CustomerI1317M7_flyer,"2 days, 3:26:19.650000"
CustomerI662M5_flyer,"2 days, 3:21:32.001000"
CustomerI1623M8_flyer,"2 days, 3:11:25.349000"
CustomerI1261M7_flyer,"2 days, 3:07:09.369000"
CustomerI441M4_flyer,"2 days, 3:00:51.869000"
CustomerI1529M8_flyer,"2 days, 2:55:54.894000"
CustomerI628M5_flyer,"2 days, 2:54:17.607000"
CustomerI1202M7_flyer,"2 days, 2:49:24.506000"
CustomerI1301M7_flyer,"2 days, 2:46:33.564000"
CustomerI1319M7_flyer,"2 days, 2:39:27.247000"
CustomerI132M3_flyer,"2 days, 2:30:31.097000"
CustomerI105M3_flyer,"2 days, 2:18:55.550000"
CustomerI395M4_flyer,"2 days, 2:17:50.363000"
